n_train,step,train_acc,test_acc,model_type,dataset
2,1,1.0,0.8,angle,omniglot
2,1,1.0,0.1,angle,omniglot
2,1,1.0,0.5,angle,omniglot
2,1,1.0,0.9,angle,omniglot
2,1,1.0,0.5,angle,omniglot
2,1,1.0,0.9,angle,omniglot
2,1,1.0,1.0,angle,omniglot
2,1,1.0,0.6,angle,omniglot
2,1,1.0,0.7,angle,omniglot
2,1,1.0,0.6,angle,omniglot
5,1,1.0,0.6,angle,omniglot
5,1,1.0,0.5,angle,omniglot
5,1,1.0,0.5,angle,omniglot
5,1,1.0,0.7,angle,omniglot
5,1,1.0,0.8,angle,omniglot
5,1,1.0,0.3,angle,omniglot
5,1,1.0,0.8,angle,omniglot
5,1,1.0,0.6,angle,omniglot
5,1,1.0,0.5,angle,omniglot
5,1,1.0,0.6,angle,omniglot
10,1,1.0,0.6,angle,omniglot
10,1,0.9,0.5,angle,omniglot
10,1,0.9,0.6,angle,omniglot
10,1,0.9,0.3,angle,omniglot
10,1,0.9,0.6,angle,omniglot
10,1,1.0,0.7,angle,omniglot
10,1,0.8,0.6,angle,omniglot
10,1,0.8,0.5,angle,omniglot
10,1,0.9,0.5,angle,omniglot
10,1,0.8,0.5,angle,omniglot
20,1,1.0,0.7,angle,omniglot
20,1,0.95,0.9,angle,omniglot
20,1,0.9,1.0,angle,omniglot
20,1,0.8,1.0,angle,omniglot
20,1,1.0,0.8,angle,omniglot
20,1,0.95,0.7,angle,omniglot
20,1,0.95,0.6,angle,omniglot
20,1,1.0,0.9,angle,omniglot
20,1,0.85,0.9,angle,omniglot
20,1,0.9,0.8,angle,omniglot
40,1,0.875,0.7,angle,omniglot
40,1,0.9,0.9,angle,omniglot
40,1,0.775,0.8,angle,omniglot
40,1,0.875,0.9,angle,omniglot
40,1,0.85,0.9,angle,omniglot
40,1,0.875,0.7,angle,omniglot
40,1,0.875,0.5,angle,omniglot
40,1,0.875,0.8,angle,omniglot
40,1,0.9,0.9,angle,omniglot
40,1,0.875,1.0,angle,omniglot
2,1,1.0,0.6,amplitude,omniglot
2,1,1.0,0.5,amplitude,omniglot
2,1,1.0,0.3,amplitude,omniglot
2,1,1.0,0.3,amplitude,omniglot
2,1,1.0,0.4,amplitude,omniglot
2,1,1.0,0.4,amplitude,omniglot
2,1,1.0,0.6,amplitude,omniglot
2,1,1.0,0.3,amplitude,omniglot
2,1,1.0,0.7,amplitude,omniglot
2,1,1.0,0.5,amplitude,omniglot
5,1,1.0,0.9,amplitude,omniglot
5,1,1.0,0.4,amplitude,omniglot
5,1,1.0,0.8,amplitude,omniglot
5,1,1.0,0.5,amplitude,omniglot
5,1,1.0,0.7,amplitude,omniglot
5,1,1.0,0.9,amplitude,omniglot
5,1,1.0,0.8,amplitude,omniglot
5,1,1.0,0.8,amplitude,omniglot
5,1,1.0,0.9,amplitude,omniglot
5,1,1.0,0.7,amplitude,omniglot
10,1,0.9,0.5,amplitude,omniglot
10,1,1.0,0.7,amplitude,omniglot
10,1,1.0,0.9,amplitude,omniglot
10,1,0.9,0.5,amplitude,omniglot
10,1,0.9,0.5,amplitude,omniglot
10,1,1.0,0.9,amplitude,omniglot
10,1,1.0,0.8,amplitude,omniglot
10,1,0.8,0.6,amplitude,omniglot
10,1,0.7,0.9,amplitude,omniglot
10,1,1.0,0.8,amplitude,omniglot
20,1,0.9,0.8,amplitude,omniglot
20,1,0.65,0.8,amplitude,omniglot
20,1,0.9,0.8,amplitude,omniglot
20,1,0.85,0.9,amplitude,omniglot
20,1,0.8,0.9,amplitude,omniglot
20,1,0.95,0.8,amplitude,omniglot
20,1,0.9,0.8,amplitude,omniglot
20,1,0.7,0.9,amplitude,omniglot
20,1,0.8,0.7,amplitude,omniglot
20,1,0.85,0.8,amplitude,omniglot
40,1,0.875,0.8,amplitude,omniglot
40,1,0.9,0.7,amplitude,omniglot
40,1,0.85,0.8,amplitude,omniglot
40,1,0.95,0.9,amplitude,omniglot
40,1,0.9,0.9,amplitude,omniglot
40,1,0.925,0.8,amplitude,omniglot
40,1,0.9,0.7,amplitude,omniglot
40,1,0.85,0.5,amplitude,omniglot
40,1,0.975,0.8,amplitude,omniglot
40,1,0.9,0.7,amplitude,omniglot
2,1,1.0,0.8,zz_overlap,omniglot
2,1,1.0,0.7,zz_overlap,omniglot
2,1,1.0,0.9,zz_overlap,omniglot
2,1,1.0,0.3,zz_overlap,omniglot
2,1,1.0,0.7,zz_overlap,omniglot
2,1,1.0,0.5,zz_overlap,omniglot
2,1,1.0,0.8,zz_overlap,omniglot
2,1,1.0,0.6,zz_overlap,omniglot
2,1,1.0,0.8,zz_overlap,omniglot
2,1,1.0,0.7,zz_overlap,omniglot
5,1,1.0,0.5,zz_overlap,omniglot
5,1,1.0,0.4,zz_overlap,omniglot
5,1,1.0,0.5,zz_overlap,omniglot
5,1,1.0,0.4,zz_overlap,omniglot
5,1,1.0,0.7,zz_overlap,omniglot
5,1,1.0,0.5,zz_overlap,omniglot
5,1,1.0,0.2,zz_overlap,omniglot
5,1,1.0,0.6,zz_overlap,omniglot
5,1,1.0,0.7,zz_overlap,omniglot
5,1,1.0,0.5,zz_overlap,omniglot
10,1,1.0,0.7,zz_overlap,omniglot
10,1,1.0,0.9,zz_overlap,omniglot
10,1,1.0,0.9,zz_overlap,omniglot
10,1,1.0,0.4,zz_overlap,omniglot
10,1,1.0,0.7,zz_overlap,omniglot
10,1,1.0,0.8,zz_overlap,omniglot
10,1,1.0,0.5,zz_overlap,omniglot
10,1,1.0,0.7,zz_overlap,omniglot
10,1,1.0,0.6,zz_overlap,omniglot
10,1,1.0,0.6,zz_overlap,omniglot
20,1,0.95,0.7,zz_overlap,omniglot
20,1,1.0,0.8,zz_overlap,omniglot
20,1,1.0,0.8,zz_overlap,omniglot
20,1,1.0,0.4,zz_overlap,omniglot
20,1,0.95,0.7,zz_overlap,omniglot
20,1,1.0,0.7,zz_overlap,omniglot
20,1,1.0,0.9,zz_overlap,omniglot
20,1,1.0,0.5,zz_overlap,omniglot
20,1,1.0,0.3,zz_overlap,omniglot
20,1,1.0,0.6,zz_overlap,omniglot
40,1,0.975,0.9,zz_overlap,omniglot
40,1,0.975,0.9,zz_overlap,omniglot
40,1,1.0,0.6,zz_overlap,omniglot
40,1,1.0,0.8,zz_overlap,omniglot
40,1,1.0,0.9,zz_overlap,omniglot
40,1,1.0,0.8,zz_overlap,omniglot
40,1,0.975,0.9,zz_overlap,omniglot
40,1,0.975,0.8,zz_overlap,omniglot
40,1,1.0,0.8,zz_overlap,omniglot
40,1,1.0,0.7,zz_overlap,omniglot
2,1,1.0,0.7,zz_projected,omniglot
2,1,1.0,0.3,zz_projected,omniglot
2,1,1.0,0.6,zz_projected,omniglot
2,1,1.0,0.4,zz_projected,omniglot
2,1,1.0,0.4,zz_projected,omniglot
2,1,1.0,0.5,zz_projected,omniglot
2,1,1.0,0.5,zz_projected,omniglot
2,1,1.0,0.6,zz_projected,omniglot
2,1,1.0,0.6,zz_projected,omniglot
2,1,1.0,0.4,zz_projected,omniglot
5,1,1.0,0.6,zz_projected,omniglot
5,1,1.0,0.2,zz_projected,omniglot
5,1,1.0,0.4,zz_projected,omniglot
5,1,1.0,0.4,zz_projected,omniglot
5,1,1.0,0.8,zz_projected,omniglot
5,1,1.0,0.5,zz_projected,omniglot
5,1,1.0,0.4,zz_projected,omniglot
5,1,1.0,0.4,zz_projected,omniglot
5,1,1.0,0.6,zz_projected,omniglot
5,1,1.0,0.5,zz_projected,omniglot
10,1,1.0,0.9,zz_projected,omniglot
10,1,1.0,0.9,zz_projected,omniglot
10,1,1.0,0.7,zz_projected,omniglot
10,1,1.0,0.9,zz_projected,omniglot
10,1,1.0,0.7,zz_projected,omniglot
10,1,1.0,0.7,zz_projected,omniglot
10,1,1.0,0.5,zz_projected,omniglot
10,1,1.0,0.8,zz_projected,omniglot
10,1,1.0,0.6,zz_projected,omniglot
10,1,1.0,0.9,zz_projected,omniglot
20,1,1.0,0.9,zz_projected,omniglot
20,1,1.0,0.5,zz_projected,omniglot
20,1,1.0,0.8,zz_projected,omniglot
20,1,1.0,0.8,zz_projected,omniglot
20,1,1.0,1.0,zz_projected,omniglot
20,1,1.0,0.8,zz_projected,omniglot
20,1,1.0,0.8,zz_projected,omniglot
20,1,1.0,0.6,zz_projected,omniglot
20,1,1.0,0.7,zz_projected,omniglot
20,1,1.0,0.8,zz_projected,omniglot
40,1,0.9333333333333333,0.7,zz_projected,omniglot
40,1,1.0,0.4,zz_projected,omniglot
40,1,1.0,0.6,zz_projected,omniglot
40,1,1.0,0.5,zz_projected,omniglot
40,1,0.9333333333333333,0.5,zz_projected,omniglot
40,1,0.9666666666666667,0.4,zz_projected,omniglot
40,1,0.9333333333333333,0.7,zz_projected,omniglot
40,1,1.0,0.6,zz_projected,omniglot
40,1,0.9666666666666667,0.4,zz_projected,omniglot
40,1,1.0,0.6,zz_projected,omniglot
2,1,1.0,0.9,protonet,omniglot
2,1,1.0,0.5,protonet,omniglot
2,1,1.0,0.5,protonet,omniglot
2,1,1.0,0.6,protonet,omniglot
2,1,1.0,0.4,protonet,omniglot
2,1,1.0,1.0,protonet,omniglot
2,1,1.0,0.7,protonet,omniglot
2,1,1.0,0.7,protonet,omniglot
2,1,1.0,0.3,protonet,omniglot
2,1,1.0,0.6,protonet,omniglot
5,1,1.0,0.8,protonet,omniglot
5,1,1.0,0.4,protonet,omniglot
5,1,1.0,0.6,protonet,omniglot
5,1,1.0,0.8,protonet,omniglot
5,1,1.0,0.9,protonet,omniglot
5,1,1.0,0.4,protonet,omniglot
5,1,1.0,0.7,protonet,omniglot
5,1,1.0,0.3,protonet,omniglot
5,1,1.0,0.7,protonet,omniglot
5,1,1.0,0.3,protonet,omniglot
10,1,1.0,0.9,protonet,omniglot
10,1,1.0,0.9,protonet,omniglot
10,1,1.0,0.9,protonet,omniglot
10,1,0.7,0.5,protonet,omniglot
10,1,1.0,1.0,protonet,omniglot
10,1,1.0,0.7,protonet,omniglot
10,1,1.0,1.0,protonet,omniglot
10,1,1.0,0.7,protonet,omniglot
10,1,1.0,1.0,protonet,omniglot
10,1,1.0,1.0,protonet,omniglot
20,1,0.85,0.8,protonet,omniglot
20,1,0.95,0.7,protonet,omniglot
20,1,0.85,0.7,protonet,omniglot
20,1,0.9,0.6,protonet,omniglot
20,1,0.9,0.8,protonet,omniglot
20,1,0.8,0.6,protonet,omniglot
20,1,0.75,0.8,protonet,omniglot
20,1,0.8,0.5,protonet,omniglot
20,1,0.8,0.6,protonet,omniglot
20,1,0.7,0.5,protonet,omniglot
40,1,0.75,0.9,protonet,omniglot
40,1,0.725,0.9,protonet,omniglot
40,1,0.875,0.9,protonet,omniglot
40,1,0.75,0.8,protonet,omniglot
40,1,0.85,1.0,protonet,omniglot
40,1,0.875,0.7,protonet,omniglot
40,1,0.775,0.7,protonet,omniglot
40,1,0.825,0.6,protonet,omniglot
40,1,0.875,0.7,protonet,omniglot
40,1,0.8,0.8,protonet,omniglot
2,1,1.0,0.7,amplitude,mnist
2,1,1.0,0.8,amplitude,mnist
2,1,1.0,1.0,amplitude,mnist
2,1,1.0,0.6,amplitude,mnist
2,1,1.0,0.5,amplitude,mnist
2,1,1.0,0.8,amplitude,mnist
2,1,1.0,1.0,amplitude,mnist
2,1,1.0,0.4,amplitude,mnist
2,1,1.0,0.4,amplitude,mnist
2,1,1.0,0.9,amplitude,mnist
5,1,1.0,0.8,amplitude,mnist
5,1,1.0,0.7,amplitude,mnist
5,1,1.0,1.0,amplitude,mnist
5,1,1.0,0.7,amplitude,mnist
5,1,1.0,0.7,amplitude,mnist
5,1,1.0,1.0,amplitude,mnist
5,1,1.0,0.7,amplitude,mnist
5,1,1.0,0.8,amplitude,mnist
5,1,1.0,0.6,amplitude,mnist
5,1,1.0,0.8,amplitude,mnist
10,1,1.0,1.0,amplitude,mnist
10,1,1.0,1.0,amplitude,mnist
10,1,1.0,0.9,amplitude,mnist
10,1,1.0,0.9,amplitude,mnist
10,1,0.9,0.9,amplitude,mnist
10,1,0.9,0.7,amplitude,mnist
10,1,1.0,1.0,amplitude,mnist
10,1,0.9,1.0,amplitude,mnist
10,1,1.0,1.0,amplitude,mnist
10,1,1.0,0.9,amplitude,mnist
20,1,0.9,0.9,amplitude,mnist
20,1,1.0,1.0,amplitude,mnist
20,1,1.0,1.0,amplitude,mnist
20,1,0.95,1.0,amplitude,mnist
20,1,1.0,1.0,amplitude,mnist
20,1,1.0,1.0,amplitude,mnist
20,1,0.9,0.9,amplitude,mnist
20,1,1.0,0.8,amplitude,mnist
20,1,1.0,1.0,amplitude,mnist
20,1,1.0,1.0,amplitude,mnist
40,1,0.95,0.9,amplitude,mnist
40,1,1.0,0.9,amplitude,mnist
40,1,1.0,0.9,amplitude,mnist
40,1,0.9,0.8,amplitude,mnist
40,1,0.975,1.0,amplitude,mnist
40,1,0.975,1.0,amplitude,mnist
40,1,0.975,0.8,amplitude,mnist
40,1,0.925,1.0,amplitude,mnist
40,1,0.975,0.9,amplitude,mnist
40,1,0.95,1.0,amplitude,mnist
2,10,1.0,0.7,qcnn,mnist
2,10,0.5,0.5,qcnn,mnist
2,10,0.5,0.8,qcnn,mnist
2,10,1.0,0.90000004,qcnn,mnist
2,10,0.5,0.2,qcnn,mnist
2,10,1.0,0.7,qcnn,mnist
2,10,1.0,0.6,qcnn,mnist
2,10,0.5,0.7,qcnn,mnist
2,10,1.0,1.0,qcnn,mnist
2,10,0.5,0.5,qcnn,mnist
5,10,1.0,0.7,qcnn,mnist
5,10,1.0,0.90000004,qcnn,mnist
5,10,1.0,1.0,qcnn,mnist
5,10,1.0,0.90000004,qcnn,mnist
5,10,1.0,0.8,qcnn,mnist
5,10,1.0,0.90000004,qcnn,mnist
5,10,0.5,0.4,qcnn,mnist
5,10,0.5,0.7,qcnn,mnist
5,10,1.0,0.7,qcnn,mnist
5,10,0.75,0.6,qcnn,mnist
10,10,0.90000004,0.90000004,qcnn,mnist
10,10,1.0,0.90000004,qcnn,mnist
10,10,0.8,1.0,qcnn,mnist
10,10,0.90000004,0.90000004,qcnn,mnist
10,10,0.90000004,1.0,qcnn,mnist
10,10,0.5,0.4,qcnn,mnist
10,10,0.6,0.6,qcnn,mnist
10,10,0.90000004,0.6,qcnn,mnist
10,10,0.90000004,0.7,qcnn,mnist
10,10,0.90000004,0.90000004,qcnn,mnist
20,10,1.0,1.0,qcnn,mnist
20,10,0.8,0.8,qcnn,mnist
20,10,0.90000004,0.8,qcnn,mnist
20,10,0.7,0.7,qcnn,mnist
20,10,1.0,1.0,qcnn,mnist
20,10,0.7,0.6,qcnn,mnist
20,10,0.75,0.90000004,qcnn,mnist
20,10,0.85,0.7,qcnn,mnist
20,10,0.7,0.8,qcnn,mnist
20,10,1.0,1.0,qcnn,mnist
40,10,0.925,1.0,qcnn,mnist
40,10,0.95,1.0,qcnn,mnist
40,10,0.8,0.90000004,qcnn,mnist
40,10,0.875,0.90000004,qcnn,mnist
40,10,0.575,0.6,qcnn,mnist
40,10,0.8,0.90000004,qcnn,mnist
40,10,1.0,1.0,qcnn,mnist
40,10,0.5,0.5,qcnn,mnist
40,10,0.975,0.8,qcnn,mnist
40,10,0.925,0.6,qcnn,mnist
2,1,1.0,0.7,zz_overlap,mnist
2,1,1.0,0.9,zz_overlap,mnist
2,1,1.0,1.0,zz_overlap,mnist
2,1,1.0,1.0,zz_overlap,mnist
2,1,1.0,0.9,zz_overlap,mnist
2,1,1.0,0.9,zz_overlap,mnist
2,1,1.0,0.7,zz_overlap,mnist
2,1,1.0,1.0,zz_overlap,mnist
2,1,1.0,0.9,zz_overlap,mnist
2,1,1.0,1.0,zz_overlap,mnist
5,1,1.0,0.4,zz_overlap,mnist
5,1,1.0,0.5,zz_overlap,mnist
5,1,1.0,0.5,zz_overlap,mnist
5,1,1.0,0.7,zz_overlap,mnist
5,1,1.0,0.5,zz_overlap,mnist
5,1,1.0,0.6,zz_overlap,mnist
5,1,1.0,0.3,zz_overlap,mnist
5,1,1.0,0.7,zz_overlap,mnist
5,1,1.0,0.6,zz_overlap,mnist
5,1,1.0,0.6,zz_overlap,mnist
10,1,1.0,0.7,zz_overlap,mnist
10,1,1.0,0.7,zz_overlap,mnist
10,1,1.0,0.9,zz_overlap,mnist
10,1,1.0,0.8,zz_overlap,mnist
10,1,1.0,0.7,zz_overlap,mnist
10,1,1.0,0.6,zz_overlap,mnist
10,1,1.0,0.8,zz_overlap,mnist
10,1,1.0,0.8,zz_overlap,mnist
10,1,1.0,0.6,zz_overlap,mnist
10,1,1.0,0.6,zz_overlap,mnist
20,1,1.0,0.7,zz_overlap,mnist
20,1,1.0,0.9,zz_overlap,mnist
20,1,1.0,0.9,zz_overlap,mnist
20,1,1.0,0.8,zz_overlap,mnist
20,1,1.0,0.7,zz_overlap,mnist
20,1,1.0,0.9,zz_overlap,mnist
20,1,1.0,0.8,zz_overlap,mnist
20,1,1.0,1.0,zz_overlap,mnist
20,1,1.0,1.0,zz_overlap,mnist
20,1,1.0,0.8,zz_overlap,mnist
40,1,1.0,1.0,zz_overlap,mnist
40,1,1.0,0.9,zz_overlap,mnist
40,1,1.0,1.0,zz_overlap,mnist
40,1,1.0,1.0,zz_overlap,mnist
40,1,1.0,0.9,zz_overlap,mnist
40,1,1.0,0.7,zz_overlap,mnist
40,1,1.0,0.9,zz_overlap,mnist
40,1,1.0,0.9,zz_overlap,mnist
40,1,1.0,1.0,zz_overlap,mnist
40,1,1.0,1.0,zz_overlap,mnist
2,1,1.0,0.6,zz_projected,mnist
2,1,1.0,0.4,zz_projected,mnist
2,1,1.0,0.2,zz_projected,mnist
2,1,1.0,0.7,zz_projected,mnist
2,1,1.0,0.7,zz_projected,mnist
2,1,1.0,0.7,zz_projected,mnist
2,1,1.0,1.0,zz_projected,mnist
2,1,1.0,0.2,zz_projected,mnist
2,1,1.0,0.4,zz_projected,mnist
2,1,1.0,0.4,zz_projected,mnist
5,1,1.0,0.3,zz_projected,mnist
5,1,1.0,0.9,zz_projected,mnist
5,1,1.0,0.7,zz_projected,mnist
5,1,1.0,1.0,zz_projected,mnist
5,1,1.0,0.4,zz_projected,mnist
5,1,1.0,0.6,zz_projected,mnist
5,1,1.0,0.2,zz_projected,mnist
5,1,1.0,0.8,zz_projected,mnist
5,1,1.0,0.5,zz_projected,mnist
5,1,1.0,0.4,zz_projected,mnist
10,1,1.0,0.9,zz_projected,mnist
10,1,0.9,1.0,zz_projected,mnist
10,1,1.0,0.7,zz_projected,mnist
10,1,1.0,0.7,zz_projected,mnist
10,1,1.0,0.7,zz_projected,mnist
10,1,1.0,0.7,zz_projected,mnist
10,1,1.0,1.0,zz_projected,mnist
10,1,1.0,0.7,zz_projected,mnist
10,1,1.0,0.9,zz_projected,mnist
10,1,1.0,0.9,zz_projected,mnist
20,1,1.0,1.0,zz_projected,mnist
20,1,1.0,1.0,zz_projected,mnist
20,1,1.0,1.0,zz_projected,mnist
20,1,0.95,0.7,zz_projected,mnist
20,1,1.0,1.0,zz_projected,mnist
20,1,1.0,1.0,zz_projected,mnist
20,1,1.0,0.7,zz_projected,mnist
20,1,1.0,0.9,zz_projected,mnist
20,1,0.9,0.9,zz_projected,mnist
20,1,1.0,0.9,zz_projected,mnist
40,1,1.0,0.8,zz_projected,mnist
40,1,0.975,0.8,zz_projected,mnist
40,1,0.975,1.0,zz_projected,mnist
40,1,1.0,0.9,zz_projected,mnist
40,1,1.0,0.9,zz_projected,mnist
40,1,0.975,0.9,zz_projected,mnist
40,1,1.0,0.9,zz_projected,mnist
40,1,1.0,0.7,zz_projected,mnist
40,1,1.0,0.9,zz_projected,mnist
40,1,0.975,0.8,zz_projected,mnist
2,1,1.0,1.0,angle,mnist
2,1,1.0,1.0,angle,mnist
2,1,1.0,1.0,angle,mnist
2,1,1.0,0.9,angle,mnist
2,1,1.0,1.0,angle,mnist
2,1,1.0,1.0,angle,mnist
2,1,1.0,0.9,angle,mnist
2,1,1.0,1.0,angle,mnist
2,1,1.0,0.8,angle,mnist
2,1,1.0,0.9,angle,mnist
5,1,1.0,0.9,angle,mnist
5,1,1.0,1.0,angle,mnist
5,1,1.0,1.0,angle,mnist
5,1,1.0,1.0,angle,mnist
5,1,1.0,0.8,angle,mnist
5,1,1.0,0.7,angle,mnist
5,1,1.0,0.9,angle,mnist
5,1,1.0,1.0,angle,mnist
5,1,1.0,0.9,angle,mnist
5,1,1.0,0.9,angle,mnist
10,1,1.0,1.0,angle,mnist
10,1,1.0,1.0,angle,mnist
10,1,1.0,1.0,angle,mnist
10,1,1.0,1.0,angle,mnist
10,1,1.0,1.0,angle,mnist
10,1,1.0,1.0,angle,mnist
10,1,1.0,1.0,angle,mnist
10,1,1.0,1.0,angle,mnist
10,1,1.0,1.0,angle,mnist
10,1,1.0,1.0,angle,mnist
20,1,1.0,1.0,angle,mnist
20,1,1.0,1.0,angle,mnist
20,1,1.0,1.0,angle,mnist
20,1,1.0,1.0,angle,mnist
20,1,1.0,1.0,angle,mnist
20,1,1.0,1.0,angle,mnist
20,1,1.0,1.0,angle,mnist
20,1,1.0,1.0,angle,mnist
20,1,1.0,1.0,angle,mnist
20,1,1.0,1.0,angle,mnist
40,1,1.0,1.0,angle,mnist
40,1,1.0,1.0,angle,mnist
40,1,1.0,1.0,angle,mnist
40,1,1.0,1.0,angle,mnist
40,1,1.0,1.0,angle,mnist
40,1,1.0,1.0,angle,mnist
40,1,1.0,1.0,angle,mnist
40,1,1.0,1.0,angle,mnist
40,1,1.0,1.0,angle,mnist
40,1,1.0,1.0,angle,mnist
2,1,1.0,1.0,protonet,mnist
2,1,1.0,1.0,protonet,mnist
2,1,1.0,0.9,protonet,mnist
2,1,1.0,1.0,protonet,mnist
2,1,1.0,1.0,protonet,mnist
2,1,1.0,1.0,protonet,mnist
2,1,1.0,1.0,protonet,mnist
2,1,1.0,0.9,protonet,mnist
2,1,1.0,1.0,protonet,mnist
2,1,1.0,1.0,protonet,mnist
5,1,1.0,1.0,protonet,mnist
5,1,1.0,1.0,protonet,mnist
5,1,1.0,1.0,protonet,mnist
5,1,1.0,1.0,protonet,mnist
5,1,1.0,1.0,protonet,mnist
5,1,1.0,1.0,protonet,mnist
5,1,1.0,1.0,protonet,mnist
5,1,1.0,1.0,protonet,mnist
5,1,1.0,1.0,protonet,mnist
5,1,1.0,1.0,protonet,mnist
10,1,1.0,1.0,protonet,mnist
10,1,1.0,1.0,protonet,mnist
10,1,1.0,1.0,protonet,mnist
10,1,1.0,0.9,protonet,mnist
10,1,1.0,1.0,protonet,mnist
10,1,1.0,1.0,protonet,mnist
10,1,1.0,1.0,protonet,mnist
10,1,1.0,0.9,protonet,mnist
10,1,1.0,1.0,protonet,mnist
10,1,1.0,0.9,protonet,mnist
20,1,1.0,1.0,protonet,mnist
20,1,1.0,1.0,protonet,mnist
20,1,1.0,1.0,protonet,mnist
20,1,1.0,1.0,protonet,mnist
20,1,1.0,1.0,protonet,mnist
20,1,1.0,1.0,protonet,mnist
20,1,1.0,1.0,protonet,mnist
20,1,1.0,1.0,protonet,mnist
20,1,1.0,1.0,protonet,mnist
20,1,1.0,1.0,protonet,mnist
40,1,1.0,1.0,protonet,mnist
40,1,1.0,1.0,protonet,mnist
40,1,1.0,1.0,protonet,mnist
40,1,1.0,1.0,protonet,mnist
40,1,1.0,1.0,protonet,mnist
40,1,1.0,1.0,protonet,mnist
40,1,1.0,1.0,protonet,mnist
40,1,1.0,0.8,protonet,mnist
40,1,1.0,1.0,protonet,mnist
40,1,1.0,1.0,protonet,mnist
